,feature_42,label
count,2926.0,2926.0
mean,-0.0030513652490616813,0.5
std,0.7737878114073374,0.5000854627815831
min,-1.462436835940231,0.0
25%,-0.2752370112071747,0.0
50%,-0.1074222139948291,0.5
75%,0.14929176145785006,1.0
max,14.74576697593518,1.0
